turn,timestamp,participant,text,ct,ct_im,valley,peak,sbr_raw,sbr_quanto,Ct_old,Ct_im,Ct_ic2,Ct_new,Ct,SBR,P_t,alpha_t,M_shift_marker,R_reconsolidation_mean,R_reconsolidation_max,P_persistence,event_type_ctx,di,kappa_i,kappa_i_cum,delta_di,delta_kappa_i,z_di,z_kappa,pre_transition_flag,event_type_geom,rho_t,D_t,C_hat_t,delta_star,geom_break_struct,perceived_break,observed_lag_mean,Ci_A,Ci_B,dialogue_id
1,,A,I’m glad we finally agree on the approach.,0.5,0.757038036306852,0,0,S,S,0.1,0.1,0.1,0.1,0.1,S,0.0,0.97,0,0.6530981421877903,0.6962709624129717,0.0,,0.05,0.9,0.9,0.0,0.0,0.0,0.0,0,none,1.0,0.0,1.0,1,0,0,0.6666666666666666,0.999999999999,0.999999999999,1
2,,B,"Yes, it feels like we’re on the same page at last.",0.5439413291608323,0.7548567052854638,0,0,S,S,0.2289874916237193,0.2141727415126104,0.1008944592448344,0.2108282834188486,0.2108282834188486,S,0.0,0.8073376438226549,0,0.6813484292193722,0.6962709624129717,0.0,,2.4542982087835448,3.2876407236391616,1.2581461085458745,2.404298208783545,2.3876407236391617,2404.2958044877405,2387.638336000826,1,transition,0.760086229227377,1.0,0.6222683798788666,1,1,1,0.6666666666666666,0.6098533231215677,0.6098533231215677,1
3,,A,I think the outline is solid and gives us clarity.,0.5705309396124163,0.7439655371599132,0,0,S,S,0.3579749832474387,0.3283454830252209,0.1017889184896688,0.3216565668376973,0.3216565668376973,S,0.0,0.8191028846146488,0,0.6737989493366747,0.6962709624129717,0.0,,2.3876127189090184,3.0462296740056907,1.5263586433648468,-0.0666854898745263,-0.2414110496334709,0.6370754779803812,0.5380971044646433,1,none,0.5012812881188379,0.8623860549817044,0.390950803191038,1,0,0,0.6666666666666666,0.6387485090037097,0.6465997211459501,1
4,,B,"Exactly, it shows we can work efficiently together.",0.600655454694224,0.7494572795402282,0,0,S,S,0.4869624748711579,0.4425182245378313,0.1026833777345033,0.4324848502565459,0.4324848502565459,S,0.06,0.8445643401382795,0,0.6698607369015028,0.6946041842163136,0.0,,2.217775018847428,2.7723001916164653,1.7132498756025898,-0.1698377000615902,-0.2739294823892253,0.5251631989234393,0.3363932934376594,1,none,0.3066737021500367,0.7111219626750716,0.2745998513283036,1,0,0,0.6666666666666666,0.6719813652446516,0.6724117644914203,1
5,,A,I feel motivated with this plan.,0.6088584488361092,0.739779324718653,0,0,S,S,0.6159499664948773,0.5566909660504418,0.1035778369793377,0.5433131336753946,0.5433131336753946,S,0.036,0.8848742411914052,0,0.6279672118962251,0.6844563251074566,0.0,,2.288328139044019,2.679397957094046,1.858172087826308,0.0705531201965907,-0.0929022345224193,0.5103715741226715,0.1887149904699468,1,none,0.3492482612997922,0.4492516776285735,0.2862533244634496,1,0,0,0.6666666666666666,0.6775342695284101,0.6830697721209227,1
6,,B,"Though, I wonder if we missed some key details.",0.5925269216124212,0.7333752223274523,0,0,S,S,0.6159499664948773,0.5566909660504418,0.1035778369793377,0.5433131336753946,0.5433131336753946,S,0.1616,0.8848742411914052,0,0.6236627575300039,0.6844563251074566,0.0,,2.5003880788951696,2.8408880565689856,2.00557948313771,0.2120599398511506,0.1614900994749395,0.6759486031344013,0.3590909675045965,1,none,0.0437842417678236,0.7199679029504323,0.1927353509309054,1,1,0,0.6666666666666666,0.6019218696288858,0.6037822452402274,1
7,,A,Like what? I thought it was already complete.,0.6191108755980399,0.7230947564739396,0,0,R,R,0.94,0.3914217103783449,0.7176658221480863,0.94,0.94,S,0.2369599999999999,0.9581304191630332,0,0.6143978416002059,0.656661577318063,0.0,,2.145499026011626,2.1861892487359387,2.032670947977444,-0.3548890528835438,-0.6546988078330469,0.186766020030894,-0.5144819699831555,1,none,0.0277944227766263,0.2420235075244035,0.3031315815935869,1,0,0,0.6666666666666666,0.6427853987464818,0.6528566549818466,1
8,,B,"For example, the background section looks too thin.",0.6037664485738539,0.6966633061684375,0,0,S,S,0.7128033515044045,0.06,0.06,0.5485354192240404,0.5485354192240404,S,0.1421759999999999,0.9162672247105696,0,0.6399491911301597,0.656661577318063,0.0,,2.4714774135846413,2.840424295548976,2.1538339501131736,0.3259783875730155,0.6542350468130373,0.5763223087931272,0.4211793994889179,0,none,0.1456733166292812,0.7414268492558374,0.1972883212244754,1,0,1,0.6666666666666666,0.5291801576854613,0.5221662144623966,1
9,,A,But we said last week it was enough.,0.5901439896649041,0.6997542336548892,0,0,S,S,0.5071043312274048,0.06,0.1650558162869864,0.3930568908036947,0.3930568908036947,S,0.0853055999999999,0.8500615970126745,0,0.6547440546018443,0.6619929286971283,0.0,,2.4641073627235297,2.926841396852081,2.2697850671240096,-0.0073700508611116,0.0864171013031049,0.5006898286161392,0.3789231298607087,1,transition,0.0,0.7162317197234761,0.1274228730450624,1,1,0,0.6666666666666666,0.5907792155564506,0.6019998904847541,1
10,,B,"Still, reviewers may expect more—don’t you think?",0.5966139573979456,0.7110742999264202,0,0,S,S,0.5722973651302952,0.2381039785041165,0.4114366347641452,0.5381066210878065,0.5381066210878065,S,0.1911833599999999,0.8701851654856756,0,0.6877783560197578,0.7557644815718039,0.0,,2.3231614646534364,2.680563777784403,2.3314018737230686,-0.1409458980700932,-0.2462776190676781,-0.1399861481730822,-0.2948819379854419,0,none,0.0417410138442424,0.3674544884103249,0.2067679755557825,1,0,0,0.6666666666666666,0.616294898535634,0.6185884265098348,1
11,,A,We can’t keep expanding forever.,0.5618543108916794,0.7099578573078835,1,0,B,B,0.0887585315142388,0.2333897488201555,0.1102235029966231,0.06,0.06,B,0.1147100159999999,0.8024613829370715,0,0.6871436321847196,0.7557644815718039,0.0,,2.645310277878516,3.3292355075513647,2.481076918797313,0.3221488132250796,0.6486717297669617,1.4355933091429511,2.754256126174005,1,transition,0.1516529080339839,0.88417213931256,0.0710962070183351,1,0,0,0.6666666666666666,0.6401244097664655,0.6337697692308752,1
12,,B,I’m just saying we risk sounding superficial.,0.5702404777864487,0.7251664060208822,0,0,S,R,0.1877608996141498,0.5034352805352353,0.342245045376957,0.0968392086196172,0.0968392086196172,R,0.0688260095999999,0.8053409596459852,0,0.6808096002941548,0.7557644815718039,0.0,,2.3985623255577746,3.1564903881548774,2.582388939200948,-0.2467479523207414,-0.1727451193964873,-0.0330439222492676,1.1773112102502072,1,none,0.2007092450506899,0.8030097008200694,0.0,1,0,0,0.6666666666666666,0.6152593271883964,0.6378006888335316,1
13,,A,Now I feel you’re undermining the plan we agreed.,0.5850198633415623,0.7611357393779099,0,0,S,S,0.3696694608154421,0.94,0.889262965850178,0.4748548992047922,0.4748548992047922,S,0.0412956057599999,0.8207476942984376,0,0.6464031480789969,0.6525451249263301,0.0,,2.280637228142652,2.6630795975483568,2.5944925379530592,-0.1179250974151226,-0.4934107906065206,-0.970079476757596,-0.5577530150696531,0,none,0.2858782103887277,0.4272404741113133,0.0886177635326124,1,0,0,0.6666666666666666,0.7383139604323598,0.7320853388160065,1
14,,B,"I’m not undermining, I’m trying to prevent problems.",0.6626994292540638,0.7462571070127721,0,0,R,R,0.94,0.8635304994645678,0.94,0.94,0.94,R,0.0247773634559999,0.9581304191630332,0,0.6606317097740828,0.6863591713704846,0.0,,1.7240790348675985,1.9611848246690544,2.4994963809604585,-0.5565581932750534,-0.7018947728793024,-4.494349460022336,-2.511994750402083,0,none,0.4957192195730658,0.2765747937710425,0.2119922777136551,1,0,0,0.6666666666666666,0.5918600135434631,0.5836510187489561,1
15,,A,But your tone makes it sound dismissive.,0.6296330743346263,0.7336369287004267,0,0,R,R,0.9058276192092388,0.6527591496430583,0.2653328711896371,0.9049403100792728,0.9049403100792728,S,0.0148664180735999,0.9547337611203512,0,0.6706197968704748,0.6863591713704846,0.0,,2.4142123456456788,2.365960706674556,2.479466029817573,0.6901333107780803,0.4047758820055016,0.3128650245213452,-1.0508492400394036,0,none,0.5755763884591014,0.4647090645957273,0.2334589004305207,1,0,0,0.6666666666666666,0.5973560643807971,0.6259915022020053,1
16,,B,"Okay, I didn’t mean it that way.",0.627496474477815,0.7391458836499931,0,0,R,R,0.8487721096444663,0.7512231150571844,0.553116699893401,0.8548718746112152,0.8548718746112152,S,0.0089198508441599,0.947092913051046,0,0.6835950563637083,0.6914709034060307,0.0,,2.2519108203085727,2.3105753164218767,2.454132422808218,-0.162301525337106,-0.0553853902526793,-0.2605902193636483,-0.8910618273213072,0,none,0.4410820008214661,0.396047147476486,0.275494644662244,1,0,0,0.6666666666666666,0.6013594149879103,0.6305297444212565,1
17,,A,"Even so, it destabilizes my confidence in this.",0.6196267273502537,0.7456034021760745,0,0,R,R,0.7167355965607991,0.8636772379389854,0.8319703547979247,0.7595781240854955,0.7595781240854955,S,0.0053519105064959,0.917416534402286,0,0.6850430810619045,0.6914709034060307,0.0,,2.2824091178376227,2.3850392190491205,2.443768442244354,0.0304982975290499,0.0744639026272437,-0.033410578122312,-0.4843196448095402,0,none,0.5023388670027445,0.4319903002166336,0.2934445875192392,1,0,0,0.6666666666666666,0.6390936701848815,0.6600708469455185,1
18,,B,I think you’re overreacting a little.,0.6043741698996042,0.7439241638958812,0,0,S,S,0.4893142266791216,0.8369825923261045,0.5796197464900641,0.469500108681727,0.469500108681727,S,0.0032111463038975,0.8451857469806648,0,0.69353006687987,0.6984160517685061,0.0,,2.381741067609672,2.7436601307501585,2.4887521955202248,0.0993319497720492,0.3586209117010379,0.3701466330784415,0.3259047075838714,0,none,0.5716409451656229,0.535989394819574,0.2676232981664858,1,0,0,0.6666666666666666,0.6270116902798133,0.6467004886523123,1
19,,A,And now you minimize my concerns—that hurts.,0.5996982136884618,0.7453746762568141,0,0,S,S,0.4068725698745375,0.8634794144240785,0.7674128194772603,0.4054346234674332,0.4054346234674332,S,0.0019266877823385,0.8268059188333878,0,0.6940794947279446,0.6984160517685061,0.0,,2.3336503303905087,2.7667476451066766,2.5304515129581926,-0.0480907372191632,0.0230875143565181,0.3874151266139888,0.6172958308669241,1,none,0.4141463340017626,0.4906232657480105,0.2653935525847469,1,0,0,0.6666666666666666,0.6505720289015172,0.654340884224104,1
20,,B,"Sorry, I didn’t realize it felt that way.",0.6093701829589305,0.7456074546673386,0,0,S,S,0.5165849545039107,0.86895811302269,0.9375107846511884,0.53265738299755,0.53265738299755,S,0.0011560126694031,0.8527814939990292,0,0.6997816917105865,0.7078098364129987,0.0,,2.226579190921361,2.580068217700528,2.537894018669543,-0.1070711394691477,-0.1866794274061485,-0.0544232780000853,0.299501824282175,1,none,0.2625485896757177,0.3973450231465449,0.2989553850983466,1,0,0,0.6666666666666666,0.6275769644588038,0.6717442042219999,1
21,,A,I still feel the trust dropping between us.,0.6187066734810025,0.734059684874991,0,0,R,R,0.6196487576818033,0.6761213198967162,0.6268030969440155,0.6669960676160065,0.6669960676160065,S,0.0006936076016418,0.8861317632143361,0,0.706050223496009,0.7172216471247733,0.0,,2.222313134856794,2.48122374517172,2.5293934776448697,-0.004266056064567,-0.0988444725288082,-0.0385998311194678,0.1261481488967984,1,none,0.2107351598512063,0.362313881794506,0.3373591292611445,1,0,0,0.6666666666666666,0.6413586598858235,0.6465022903474855,1
22,,B,Maybe we should take a break from this.,0.6094971141880134,0.7358718764234495,0,0,S,S,0.4744052969946964,0.7119205643340376,0.3505156164149621,0.4874738186244007,0.4874738186244007,S,0.0604161645609851,0.8413408235685602,0,0.712515741768886,0.7172216471247733,0.0,,2.3597415022855377,2.751708923052256,2.5627407944559777,0.1374283674287437,0.2704851778805359,0.6996282456418975,1.3615251113096132,1,transition,0.148974179269881,0.4163648062969555,0.3457451941018875,1,0,0,0.6666666666666666,0.6562936088769284,0.6648790651534339,1
23,,A,"Fine, if you think that’s necessary.",0.6026317820138363,0.744658560426381,0,0,S,S,0.3631922836503183,0.8643485903562504,0.6152975864023202,0.3829670464263743,0.3829670464263743,S,0.096249698736591,0.8198221458569988,0,0.7172216471247733,0.7172216471247733,0.0,,2.346243303433853,2.8126697149972677,2.6002301325371717,-0.0134981988516842,0.0609607919450114,0.6305644364661678,0.9373180176436502,1,transition,0.4343218658623595,0.7863368794363738,0.2122845921459177,1,1,1,0.6666666666666666,0.6597736534197479,0.6809040641616113,1
24,,B,I don’t know if we can continue like before.,0.5947190619867663,0.7485271984951127,0,0,S,S,0.2402967925332607,0.9309826868691709,0.4520264970311528,0.2554901278650797,0.2554901278650797,R,0.1777498192419546,0.8079997741095463,0,,,,,2.3887698480909254,2.9784036299240624,2.656956157145205,0.0425265446570719,0.1657339149267951,1.1394843707204658,2.181356489901377,1,break,0.9232733612843692,0.9673464772686914,0.0438160920322645,1,0,0,0.6666666666666666,0.7110906757997952,0.6902400731054172,1
1,,A,A: I’ve been overwhelmed for days and nothing seems to work.,0.5,0.7943137967618544,0,0,S,S,0.1,0.1,0.1,0.1,0.1,S,0.15,0.97,0,0.7091584581726692,0.7619271818634843,0.0,,0.05,0.9,0.9,0.0,0.0,0.0,0.0,0,none,1.0,0.0,1.0,4,0,0,0.0,0.999999999999,0.999999999999,2
2,,B,B: I hear you—this sounds really tough. We can take it step by step.,0.5660694348944334,0.8002638689752773,0,0,S,S,0.2619274292691386,0.09,0.09,0.2288991611705663,0.2288991611705663,S,0.15,0.809082350534719,0,0.7468588155072672,0.7782746595698942,0.0,,2.2241217476541744,3.0856684113314974,1.2278502616997249,2.1741217476541745,2.185668411331497,2174.1195735346014,2185.666225665272,1,transition,0.6428925560990374,1.0,0.6249641558583277,4,1,1,0.0,0.6651735875661003,0.6651735875661003,2
3,,A,"A: Honestly, I’m not sure talking will help.",0.6323350661595355,0.8015611092575059,0,0,S,S,0.4238548585382772,0.08,0.08,0.3577983223411326,0.3577983223411326,S,0.09,0.8290559366090045,0,0.7001793039269915,0.7782746595698942,0.0,,1.886068534510404,2.6197393864423835,1.4366336304111236,-0.3380532131437703,-0.4659290248891139,0.4647382292548373,0.3869221415734112,1,none,0.6019423334621515,0.7876889839072991,0.4233115138929757,4,0,0,0.0,0.7336266745557383,0.7489210929777644,2
4,,B,B: How about we try one tiny action you control today?,0.649569240659469,0.8062622156410184,0,0,S,S,0.5857822878074157,0.07,0.07,0.4866974835116988,0.4866974835116988,S,0.274,0.8730221057982783,0,0.6980117919528523,0.7782746595698942,0.0,,2.1249431621722543,2.681208279513997,1.6233198277765548,0.2388746276618503,0.061468893071614,0.7728093209356164,0.5100272131164575,1,none,0.3362920851891142,0.7907186936048838,0.2709357826850237,4,0,0,0.0,0.6690924784133662,0.6746399308227095,2
5,,A,A: Maybe… picking one task could help.,0.6947267257266575,0.8263167942302589,0,0,R,R,0.7477097170765543,0.06,0.06,0.6155966446822652,0.6155966446822652,S,0.2244,0.9246699138844974,0,0.6990247400772208,0.7813135039429997,0.0,,1.7309183581698182,2.211238588488264,1.711507641883311,-0.3940248040024361,-0.4699696910257334,0.179998869899316,-0.1314340822738744,1,none,0.2863275870843534,0.3231311048881553,0.3320160903236071,4,0,0,0.0,0.7323649303809638,0.747054222808787,2
6,,B,B: Random thought—what’s your favorite pizza topping?,0.6701465105695383,0.7753335026211836,0,0,S,S,0.7477097170765543,0.06,0.06,0.6155966446822652,0.6155966446822652,S,0.27464,0.9246699138844974,0,0.7318562414271156,0.7813135039429997,0.0,,2.29656701528663,2.6839494029802804,1.8573739060478565,0.565648657116812,0.4727108144920162,0.8712660817500776,0.5106735196021662,1,none,0.3850200345854887,0.8538284130570643,0.1787958080997047,4,1,1,0.0,0.5978074140319733,0.6034979848684111,2
7,,A,A: Huh? That’s… off-topic right now.,0.6383914641187336,0.7797066915989841,0,0,S,S,0.4870122403263694,0.1312425714878727,0.1353208351235989,0.4138072423736872,0.4138072423736872,S,0.3047839999999999,0.8432931662506299,0,0.7622683328853096,0.7851083435405879,0.0,,2.368095802122057,2.817756462013597,2.001431289442717,0.0715287868354268,0.1338070590333164,0.8421289094335257,0.6470070697258298,1,none,0.2467890109871084,0.8636142458674855,0.0602105583630923,4,0,0,0.0,0.6637585621304606,0.6563913897523446,2
8,,B,"B: Sorry, you’re right. Back to it: which single task feels most doable?",0.645458035066941,0.8046669812050175,0,0,S,S,0.5211404574917741,0.574720051460391,0.679251243642278,0.6322025605034605,0.6322025605034605,S,0.4028703999999999,0.852673233826184,1,0.761933591798393,0.7851083435405879,0.0,,2.0783235950443766,2.344917235913248,2.052954181413297,-0.2897722070776805,-0.4728392261003491,0.3561298687309603,-0.1249564323727149,1,none,0.1478817013218922,0.3615152677631106,0.1595767351566784,4,0,0,0.0,0.7399286285818336,0.7459744317198027,2
9,,A,A: Answering two emails I’ve been avoiding.,0.6685424363396101,0.7975544850770123,0,0,S,S,0.6740801472000739,0.4463954894070135,0.4300471082443375,0.7135197998396765,0.7135197998396765,S,0.2417222399999999,0.9027004127350122,0,0.7671142244936439,0.7851083435405879,0.0,,1.969215820741044,2.283801609745855,2.0875812956631807,-0.1091077743033326,-0.0611156261673926,-0.5190630735073416,-1.3072806507773662,0,none,0.3022536846759448,0.3776712812282056,0.2280422836040217,4,0,0,0.0,0.6851384830022329,0.6971216311305903,2
10,,B,B: Great. Let’s set a five‑minute timer and just start with the subject lines.,0.6614863669891068,0.8262876056212374,0,0,S,S,0.5991112079331804,0.94,0.6413528441536378,0.7427450544381204,0.7427450544381204,S,0.1450333439999999,0.8774933046842153,0,0.7249659404485872,0.7803092806822505,0.0,,2.098877228729981,2.2496045155597573,2.111884778647667,0.1296614079889375,-0.0341970941860978,0.1192867781482746,-0.9222984240145348,0,none,0.5449625486470869,0.4593580687087203,0.2487559716415531,4,0,0,0.0,0.7339361651004072,0.735186179452102,2
11,,A,A: I also have a deadline tonight and I’m panicking.,0.6664590740165677,0.820531124721531,0,0,S,S,0.6153770872139783,0.8377640203378445,0.5803610091989926,0.7547255019300068,0.7547255019300068,S,0.0870200063999999,0.8830044627053817,0,0.6981019184924984,0.735925049258093,0.0,,2.0372073383932108,2.230118762799925,2.129619876270506,-0.0616698903367707,-0.0194857527598322,-0.2985797901152703,-1.0227010824824998,0,none,0.3275615324344125,0.3825027674632993,0.2931147304490406,4,0,0,0.0,0.7638073849511675,0.7705056659379269,2
12,,B,"B: Then we’ll bracket it: emails first, then 20 minutes on the deadline.",0.7040190348044404,0.8236938140204592,0,0,R,R,0.8744206425099845,0.8845257364782257,0.7920185987430288,0.94,0.94,S,0.0522120038399999,0.9501842534447078,0,0.7123224941700873,0.7785867762908598,0.0,,1.7329744075856548,1.879946985868252,2.092168942710168,-0.304232930807556,-0.3501717769316734,-1.7937074295056874,-2.3107769167976184,0,none,0.3479527516227465,0.266580231882529,0.3698589055412335,4,0,0,0.0,0.6851424185521287,0.6829278753882411,2
13,,A,A: Can you clarify what “bracket” means here?,0.7178914638809999,0.7826229328384908,0,0,R,R,0.94,0.1539770606709592,0.3033675283138327,0.94,0.94,S,0.311327202304,0.9576877356581824,0,0.7397267203657979,0.7785867762908598,0.0,,1.871698825643237,2.0447880366166813,2.0850618067961446,0.1387244180575821,0.1648410507484297,-1.0867488566030696,-1.0803135119319538,0,none,0.2199774742692042,0.285785292594423,0.4202144507045008,4,0,0,0.0,0.6302172816380898,0.6377018064938871,2
14,,B,B: It means we time‑box: fixed windows with short breaks between them.,0.6934743701073046,0.7688340533775473,0,0,R,R,0.7415396842940434,0.06,0.3144592676230215,0.7616946056593319,0.7616946056593319,S,0.1867963213824,0.9230102546322548,0,0.7641362899398004,0.7785867762908598,0.0,,2.126969932169562,2.316690759880992,2.119806149758872,0.2552711065263249,0.2719027232643105,0.5674163159941998,0.1935626688828868,0,none,0.2419075716884307,0.389551003360929,0.4190652486466741,4,0,0,0.0,0.6617064782094606,0.6701136099811931,2
15,,A,A: Got it. That makes it feel contained.,0.6746946576434542,0.7891548019684085,0,0,S,S,0.5777624281583327,0.2832180689404867,0.5246584061272231,0.701612027695871,0.701612027695871,S,0.11207779282944,0.8703624351931015,0,0.7513649155745036,0.7729459235359915,0.0,,2.1273885676342887,2.3258203775841144,2.150708283932658,0.0004186354647268,0.0091296177031225,1.060534913989172,0.8504005112679558,1,transition,0.0,0.3206935556069791,0.4440273581471479,4,0,0,0.0,0.7392119010738689,0.7397382936200517,2
16,,B,"B: If we skip the emails and just write the report, it’ll be faster.",0.6569616805530444,0.7923855127231223,0,0,S,S,0.4250694298605038,0.3422645975224233,0.404783103420675,0.425121837048207,0.425121837048207,S,0.127246675697664,0.8292907556085345,0,0.7773250651261323,0.8187566186474369,0.0,,2.194198476472024,2.6551498234442623,2.2263745148593985,0.0668099088377349,0.3293294458601479,1.4510757988665746,3.0227806054128377,1,transition,0.0652450008918837,0.7247414106393182,0.3112165118868178,4,1,1,0.0,0.6967241481686166,0.7214356364274535,2
17,,A,A: Wait—emails first was the plan. Changing it makes me anxious again.,0.703426827202015,0.790821493761293,0,0,R,R,0.7543523933830432,0.3159744514003896,0.8678910781347196,0.9237575648770804,0.9237575648770804,S,0.0763480054185984,0.926414446109689,0,0.7707303220712873,0.8187566186474369,0.0,,1.6792407356572003,1.8556447394634543,2.170765048550007,-0.5149577408148234,-0.799505083980808,-2.2732011458900234,-1.7245128319969978,0,none,0.3082060979108622,0.2418775393181584,0.3926996367780173,4,0,0,0.0,0.7281368808339812,0.7447989180340523,2
18,,B,"B: You’re right, my mistake. We stick to the sequence you chose.",0.6705795199619735,0.7898951094971349,0,0,S,S,0.4853737278831315,0.3014016926360938,0.3481972347494556,0.5036047428536139,0.5036047428536139,S,0.045808803251159,0.84287155750946,0,0.7843126042533566,0.8187566186474369,0.0,,2.230500099800273,2.604174753574392,2.235776504303665,0.5512593641430732,0.7485300141109379,1.131675502689272,1.5186985428483553,1,none,0.3305433851428029,0.801251138767534,0.2440268303863546,4,0,0,0.0,0.6875966192553895,0.7001925695593527,2
19,,A,A: Thanks. I’ll draft the subject lines now.,0.6849945370977835,0.8140435635534627,0,0,R,R,0.5743545930218314,0.7272268815105896,0.8399162747356792,0.7767228950895266,0.7767228950895266,S,0.0274852819506954,0.8692408338987931,0,0.7489559122916002,0.7810194997411766,0.0,,1.8978501954167253,2.095467692757792,2.214730182571784,-0.3326499043835482,-0.5087070608166004,-0.4575859468256377,-0.339842153473599,1,none,0.1643581637290743,0.2845982611676072,0.3262855736715202,4,0,0,0.0,0.7601587601879191,0.7655604082437054,2
20,,B,"B: Nice—once done, we celebrate and move to a 20‑minute report sprint.",0.6787950073495956,0.8044030613444337,0,0,S,S,0.5077700049579394,0.5514813328819987,0.4545134071361345,0.5587416601813313,0.5587416601813313,S,0.0164911691704172,0.8488658748825183,0,0.7530044615234074,0.7810194997411766,0.0,,2.067275215655079,2.4639175443419004,2.252108286837301,0.1694250202383538,0.3684498515841086,0.2590126045640883,0.4782966627400149,1,transition,0.1226346909803824,0.6626934895071045,0.2461803680091527,4,0,0,0.0,0.6957916881837694,0.740135414549306,2
21,,A,A: Sounds manageable.,0.6807657329599911,0.8025352081682191,0,0,S,S,0.5034677352640551,0.5156740395865701,0.5364980824314574,0.6082692029767112,0.6082692029767112,S,0.0098947015022503,0.8476762700522542,0,0.767594025601268,0.824788191974758,0.0,,2.011065037022234,2.373884766724581,2.270374758820393,-0.056210178632845,-0.0900327776173193,-0.1955161903186518,0.1256261469876351,1,transition,0.1288504231405397,0.353038993778217,0.3022329989603243,4,0,0,0.0,0.7529436833135474,0.7509779144868132,2
22,,B,B: Want me to check in again in 30 minutes?,0.6393206535198857,0.7836465995787967,0,0,S,S,0.1753668333853391,0.1818393920697118,0.1254191956132501,0.06,0.06,B,0.1459368209013501,0.8046688189650496,0,0.795047767020818,0.824788191974758,0.0,,2.40113375737566,3.1705594361095657,2.405402460413769,0.3900687203534256,0.7966746693849847,1.974148871655223,2.4350908764114343,1,transition,0.2378475698071625,0.950054188925058,0.1203703744964022,4,1,1,0.0,0.6664271540317745,0.7082688027386991,2
23,,A,A: Please. I’m already feeling lighter.,0.6327651730562505,0.7885648659130553,0,0,S,S,0.1141065854511034,0.2725329939225427,0.3408669080738051,0.0626727168867447,0.0626727168867447,R,0.0875620925408101,0.8028907651855903,0,0.824788191974758,0.824788191974758,0.0,,2.2257780006641097,3.0437406754561955,2.501153192670133,-0.17535575671155,-0.1268187606533701,0.6488755257135393,1.4939699196569018,1,none,0.3577655030580861,0.907320689975861,0.0,4,0,0,0.0,0.7762998456379129,0.749952489946809,2
24,,B,B: I’m glad. You’ve got this—message me after the timer.,0.6636805809709899,0.8078733169547443,0,0,S,S,0.3336067621242702,0.6139851884754068,0.94,0.470581053557551,0.470581053557551,S,0.052537255524486,0.8154750707293734,0,,,,,1.8718360781924528,2.367145920899042,2.48105210190447,-0.3539419224716571,-0.6765947545571533,-0.8323534388662543,-0.2712891922143005,1,none,0.8900683718291641,0.5553249889417579,0.0417332239992629,4,0,0,0.0,0.7567711633864869,0.7897119644838764,2
1,,A,"Hey, how are you doing today?",0.5,0.7153946973823648,0,0,S,S,0.1,0.1,0.1,0.1,0.1,S,0.55,0.97,0,0.6431530915976488,0.7298567025477474,0.0,,0.05,0.9,0.9,0.0,0.0,0.0,0.0,0,none,1.0,0.0,1.0,0,0,0,0.0,0.999999999999,0.999999999999,3
2,,B,"Not bad, just a bit stressed with work.",0.5919426808353975,0.7243992842810829,0,0,S,S,0.2005908930102721,0.2766666160179626,0.1490311769315499,0.1945004874572966,0.1945004874572966,S,0.33,0.8139566029052013,0,0.6108941052487926,0.6330797435011788,0.0,,1.9416447421170189,2.8845120453027127,1.197676806795407,1.8916447421170188,1.9845120453027127,1891.6428504741684,1984.510060792652,1,transition,0.5136173798140659,0.8325759027290035,0.7189396266515055,0,1,1,0.0,0.7298567025477474,0.7298567025477474,3
3,,A,"Yeah, I can imagine. What's going on?",0.5962819523413139,0.7172362732697877,0,0,S,S,0.3011817860205442,0.4533332320359253,0.1980623538630999,0.2890009749145932,0.2890009749145932,S,0.398,0.8283329466862573,0,0.6219915794404504,0.6488550801321942,0.0,,2.451070324633678,3.1680087295189656,1.4932265952039407,0.5094255825166589,0.2834966842162529,1.0377755134245883,0.8671989808389217,1,none,0.3176454160343094,0.978177130860892,0.458992388957223,0,0,0,0.0,0.6063473203423542,0.6115548317971834,3
4,,B,"Deadlines, meetings, and my boss keeps pushing me.",0.5784989437812589,0.701953916164417,0,0,S,S,0.4017726790308162,0.629999848053888,0.2470935307946498,0.3835014623718897,0.3835014623718897,S,0.2388,0.8525325918301584,0,0.6475361236834832,0.6606735474170766,0.0,,2.612250704612437,3.144946644786553,1.7409846026413327,0.161180379978759,-0.0230620847324125,1.0952511682939376,0.8200684485759019,1,none,0.2611606579867953,1.0,0.2566650122465327,0,0,0,0.0,0.5651400655531995,0.5706778372976661,3
5,,A,That sounds exhausting.,0.6002725587080575,0.7217324347740387,0,0,S,S,0.5023635720410884,0.8066664640718506,0.2961247077261998,0.4780019498291863,0.4780019498291863,S,0.14328,0.885,0,0.64437991513547,0.6606735474170766,0.0,,2.2884139220548305,2.8035251214477865,1.9003656804623008,-0.3238367825576063,-0.3414215233387665,0.5144250651850079,0.2955890695380079,1,none,0.2031598798570869,0.4983682489747557,0.274259964784586,0,0,0,0.0,0.5961185511060159,0.6114881805800209,3
6,,B,"It is. Honestly, I feel like I’m drowning.",0.6082333868620553,0.7353415319156507,0,0,S,S,0.5023635720410884,0.8066664640718506,0.2961247077261998,0.4780019498291863,0.4780019498291863,S,0.0859679999999999,0.885,0,0.6326083881704042,0.6606735474170766,0.0,,2.30616930430112,2.775475480650333,2.031632150490505,0.0177553822462894,-0.0280496407974535,0.4673704604009199,0.229182859261435,1,none,0.1472837558303206,0.4765558195685092,0.294819603390607,0,0,0,0.0,0.625491836592811,0.6206218655346873,3
7,,A,I’m sorry to hear that. Do you want to talk it through?,0.6169205940500331,0.7353191434927644,0,0,S,S,0.5629818097453496,0.8007518405283449,0.3869910679447634,0.5588715173629564,0.5588715173629564,S,0.1915807999999999,0.9052155661984442,0,0.6151865124362322,0.6236111178571391,0.0,,2.2561063328477227,2.6431673162579807,2.123362425355627,-0.0500629714533973,-0.1323081643923522,0.3615402170047591,0.0389426986289992,1,none,0.2275289219796226,0.4646338137713353,0.3142639544719864,0,0,0,0.0,0.6299900271470183,0.6356891323250518,3
8,,B,Thanks. Maybe just sharing helps already.,0.6097263129711583,0.7338437581755322,0,0,S,S,0.4779458747334551,0.7744918879556904,0.1882707508631325,0.413712068599249,0.413712068599249,S,0.1749484799999999,0.8767242818282354,0,0.6260550828559376,0.6562168291162549,0.0,,2.378081775666129,2.8782346278666617,2.236593255732282,0.1219754428184067,0.235067311608681,0.4816918841375387,0.3610233098828331,1,none,0.3091645666112367,0.5619903249985868,0.2959816768710776,0,0,0,0.0,0.6112378818604427,0.6029047627129922,3
9,,A,Of course. You know I’ve been there too.,0.591101285975388,0.7379662442892969,0,0,S,S,0.2906482602605669,0.8275960656224637,0.1633554688320907,0.2047888336832392,0.2047888336832392,S,0.1049690879999999,0.8263987769046736,0,0.6558118374925461,0.7028107631468228,0.0,,2.485732159507973,3.126207410965244,2.370035379017226,0.1076503838418441,0.2479727830985822,0.7381016362456205,1.1094859447631265,1,none,0.3453466789014262,0.9870893083897858,0.1387653601531771,0,1,1,0.0,0.5947420702480094,0.59449603848598,3
10,,B,Really? That actually makes me feel less alone.,0.5991659158878818,0.748859898962313,0,0,S,S,0.3498384767311235,0.94,0.2734147157975763,0.2579387877474746,0.2579387877474746,S,0.2029814527999999,0.8387431907460695,0,0.670527931903583,0.7028107631468228,0.0,,2.318207182098895,2.975341569449956,2.4608313075821355,-0.1675249774090783,-0.1508658415152881,-0.3615226713551288,0.1179818559326562,1,none,0.4309724386019642,0.9326738488566844,0.0392226542360404,0,0,0,0.0,0.5528536986128696,0.5545258516614187,3
11,,A,"Exactly, you're not alone in this.",0.6688065967784342,0.745762147068526,0,0,R,R,0.94,0.9224075706782348,0.94,0.94,0.94,S,0.1217888716799999,0.9650221972927358,0,0.6508719051460939,0.7028107631468228,0.0,,1.725780698578421,1.933234765292417,2.381691826238677,-0.5924264835204742,-1.0421068041575392,-3.099906675060776,-5.176080780455926,0,none,0.6315069467839163,0.355507998116358,0.1594048568265959,0,0,0,0.0,0.5779318776118632,0.6047707257085448,3
12,,B,"But still, sometimes I wonder if I’m good enough.",0.6650387194558713,0.7466752382838128,0,0,R,R,0.9059070180573376,0.927353171219864,0.7145727261288759,0.94,0.94,S,0.2130733230079999,0.9635208275135668,0,0.6429486900845708,0.6790411179622535,0.0,,2.11682487287264,2.130852492098906,2.344065926117712,0.3910441742942188,0.1976177268064893,-0.5958405064264776,-1.6914357421997717,0,none,0.6142686337777915,0.4503751401599138,0.2175163273129394,0,0,0,0.0,0.6680822184689438,0.6658639787853957,3
13,,A,"I get that, but you’ve accomplished a lot already.",0.6726339899868601,0.7465357323028174,0,0,R,R,0.94,0.9173753610194404,0.722628113823101,0.9354657527388092,0.9354657527388092,S,0.1278439938047999,0.9650221972927358,0,0.6490498906384029,0.6790411179622535,0.0,,2.038470348840795,2.1030446569155297,2.3079127357373848,-0.0783545240318446,-0.0278078351833763,-0.8203202871758063,-1.3002570328003376,0,none,0.5461197031870441,0.4112357764667687,0.2743125683721975,0,0,0,0.0,0.6114974359740698,0.614587446879158,3
14,,B,I guess you’re right. I forget to see the good things.,0.6570407828615552,0.7366423995119606,0,0,R,R,0.779388422736929,0.7702268065148681,0.3858813576066061,0.684047184769101,0.684047184769101,S,0.0767063962828799,0.9532881103793178,0,0.664342734717243,0.6790411179622535,0.0,,2.2327954930373277,2.4898263606329185,2.335199779471715,0.1943251441965321,0.3867817037173888,0.1884615021005551,-0.0720710282403158,0,none,0.5210214840661093,0.5196597738774907,0.2803080542433221,0,0,0,0.0,0.5565913732032066,0.5451523972681696,3
15,,A,It’s easy to forget when stress takes over.,0.6725210701656414,0.7491111166982852,0,0,R,R,0.8962490868608319,0.94,0.8518032226045233,0.9313126076490884,0.9313126076490884,S,0.126023837769728,0.9630217410334964,0,0.6647967907603632,0.680403286091614,0.0,,1.9888946592949928,2.0675270949496847,2.2950488767934103,-0.243900833742334,-0.4222992656832338,-0.837011453861963,-0.7849339986735252,0,none,0.3396897706233874,0.330222950450753,0.3487546150044117,0,0,0,0.0,0.5954053647157604,0.6265407045394221,3
16,,B,True. Talking about it makes me feel lighter.,0.674009923614983,0.749357735686065,0,0,R,R,0.8835207356038908,0.9361504694820316,0.8731667245731507,0.9055069928934184,0.9055069928934184,S,0.0756143026618368,0.9623075767674402,0,0.6618640942451527,0.680403286091614,0.0,,2.049292245655829,2.1152547420339154,2.268079756579486,0.0603975863608357,0.0477276470842307,-0.3516756230921449,-0.6555531482692151,0,none,0.3854856624506572,0.3643073320606876,0.3885833545901195,0,0,0,0.0,0.6102767346600904,0.6112976534547672,3
17,,A,That’s what friends are for.,0.634769950654899,0.7370735883730704,0,0,S,S,0.5006191159009296,0.7549548174674645,0.2399600529087603,0.4673328535543115,0.4673328535543115,S,0.1253685815971021,0.8844068945384235,0,0.6591805489378282,0.680403286091614,0.0,,2.4303823958988726,2.8156055837598637,2.3502086306565424,0.3810901502430437,0.7003508417259479,2.0641117921676706,1.6766608784476058,1,transition,0.1327638094013464,0.498581604739128,0.3731266970570681,0,0,0,0.0,0.597753318564549,0.602827465012677,3
18,,B,I really appreciate you saying that.,0.6190505917398008,0.7446372931490373,0,0,S,S,0.3392950278197367,0.8569149441959416,0.5670875091534882,0.358527371383563,0.358527371383563,S,0.0752211489582612,0.8362780903847158,0,0.6650509956404622,0.6980146261995162,0.0,,2.3288394697452555,2.8178071450769533,2.420348407819604,-0.1015429261536171,0.00220156131709,1.219837357111376,2.048495777617437,1,transition,0.0380405754202413,0.4546342108199872,0.3763699334811483,0,0,0,0.0,0.6427589900649601,0.6428965863891042,3
19,,A,So what’s the first thing you’ll tackle tomorrow?,0.5894912945907074,0.7198422668952797,0,0,S,S,0.06,0.501104113841809,0.06,0.06,0.06,B,0.1851326893749567,0.804798285483337,0,0.6426832625354998,0.6980146261995162,0.0,,2.555029194947143,3.321359042443668,2.5555000030132136,0.2261897252018876,0.5035518973667146,2.2430878012954314,3.0355618924431664,1,transition,0.094251507667034,0.9713887494559078,0.2043567359829267,0,1,1,0.0,0.6952536705097594,0.6736179493785646,3
20,,B,Probably the presentation. It scares me.,0.6051685810870233,0.7062328439502226,0,0,S,S,0.1884571357319675,0.309944559701075,0.2573309995595951,0.1326507760553879,0.1326507760553879,R,0.111079613624974,0.8127624377580505,0,0.6456198748728159,0.6980146261995162,0.0,,2.261535847164025,3.0739310225185084,2.633264655939008,-0.2934933477831176,-0.2474280199251595,0.102663995842725,0.9742019898997284,1,none,0.0563455216440819,0.8199820454852655,0.126458603892807,0,0,0,0.0,0.5964046776577665,0.5884753540372197,3
21,,A,Want me to look at it with you later?,0.6017578354289448,0.7095739087935418,0,0,S,S,0.1453228707529178,0.3613343547593654,0.3445951398760519,0.1855750460309992,0.1855750460309992,S,0.2066477681749844,0.8092403938512515,0,0.6560030542083011,0.7291641642059715,0.0,,2.3482618611319435,3.0353895800068145,2.6935833945491785,0.086726013967918,-0.0385414425116938,0.337302902941824,0.7531542760039668,1,none,0.085367085536167,0.8446571463781251,0.059705202044922,0,0,0,0.0,0.6737176313595723,0.67097138618307,3
22,,B,"That would be amazing, thank you.",0.6006022758901184,0.6761224022864211,0,0,S,S,0.1235621622765994,0.06,0.0779676545054495,0.06,0.06,R,0.1839886609049906,0.8078320272815932,0,0.693693766346983,0.7291641642059715,0.0,,2.381027832593209,3.237512450234446,2.7751727529019687,0.0327659714612655,0.2021228702276314,0.5398434356363133,1.094869379822007,1,none,0.0,0.8732138477079694,0.0,0,1,0,0.0,0.5663349162108471,0.5422254292975018,3
23,,A,No problem. We’ll nail it together.,0.6212174451659347,0.68260723520616,0,0,S,S,0.3002409971485964,0.06,0.4147739303832272,0.2616757679104396,0.2616757679104396,R,0.1103931965429944,0.8281556895986675,0,0.7185974084353328,0.7291641642059715,0.0,,2.1659064584742955,2.870942222248691,2.789538173303977,-0.2151213741189135,-0.366570227985755,-1.1766670277152889,-0.1230461224234961,1,none,0.059505086495239,0.4509096682670084,0.0977822390797423,0,0,0,0.0,0.5681176668889528,0.5893721784282885,3
24,,B,You know what? I’m actually feeling motivated now.,0.5984372294093041,0.7250250041994786,0,0,S,S,0.078706124218596,0.6054981689037304,0.3643508488012437,0.1650418440597526,0.1650418440597526,R,0.2062359179257966,0.805547579511832,0,0.7080306526646942,0.7080306526646942,0.0,,2.443406068412152,3.086716891559244,2.834114981042267,0.2774996099378564,0.2157746693105533,0.7425632296333864,0.2071206946871328,0,none,0.2575463830277076,0.9381020584505334,0.006652862347453,0,0,0,0.0,0.7255059412382987,0.7250649218938826,3
25,,A,That’s the spirit!,0.6141210982342531,0.739362450424195,0,0,S,S,0.2114320040427924,0.8058470001273992,0.564270625095757,0.2693216285182757,0.2693216285182757,R,0.1237415507554779,0.8151087041262765,0,,,,,2.1969826926468503,2.8528820587401933,2.836930042696956,-0.2464233757653016,-0.2338348328190509,-1.227838117269082,-0.8679393441689787,0,none,0.7244976560981367,0.6633079941553528,0.0310706120260165,0,0,0,0.0,0.6796464603894189,0.6766596517107951,3
1,,A,I’m really happy with how our project is going.,0.5,0.7473804507108623,0,0,S,S,0.1,0.1,0.1,0.1,0.1,S,0.2,0.97,0,0.641976957566459,0.6673596058327538,0.0,,0.05,0.9,0.9,0.0,0.0,0.0,0.0,0,none,0.7988169047698279,0.0,1.0,5,0,0,0.75,0.999999999999,0.999999999999,4
2,,B,"Yes, everything feels aligned right now.",0.5460749860880376,0.7701898978857429,0,0,S,S,0.3095309679634364,0.1355171359786618,0.1422123141824091,0.3095767706367753,0.3095767706367753,S,0.12,0.8229011847726948,0,0.650349183129019,0.6673596058327538,0.0,,2.4324899047477064,3.1717537450369084,1.2407630617555363,2.3824899047477066,2.2717537450369085,2382.4875222601845,2271.751473285436,1,transition,0.6783477118226612,1.0,0.6544721153022457,5,1,1,0.75,0.6151874654502385,0.6151874654502385,4
3,,A,It’s smooth because we finally understand each other.,0.5965480933777667,0.765531442216228,0,0,S,S,0.5190619359268729,0.1710342719573237,0.1844246283648182,0.5191535412735507,0.5191535412735507,S,0.072,0.8772159721027997,0,0.6437612684355102,0.6673596058327538,0.0,,2.189756038475457,2.762404204923161,1.46900923323068,-0.2427338662722489,-0.4093495401137472,0.537053240980806,0.4314164534723437,1,none,0.3721428642311045,0.5171091644580815,0.5621784507236602,5,0,0,0.75,0.6163871769678798,0.6314161247189842,4
4,,B,"Exactly, the structure is clear and we both follow it.",0.6564398187287066,0.7660478519622765,0,0,R,R,0.7285929038903093,0.2065514079359856,0.2266369425472274,0.728730311910326,0.728730311910326,S,0.0431999999999999,0.938799072913296,0,0.6232223229627949,0.6403041421379185,0.0,,1.8830817385126133,2.318092181101877,1.5963716754113595,-0.3066742999628442,-0.4443120238212841,0.3042189627660439,0.0404989157981224,1,none,0.4007973169574404,0.3989053635079987,0.5338009115952376,5,0,0,0.75,0.6386891726094361,0.6298410012470869,4
5,,A,"Though, I’m worried we might be missing something.",0.6412475343026887,0.7593606674511868,0,0,R,R,0.9381238718537456,0.2420685439146474,0.2688492567296365,0.9383070825471014,0.9383070825471014,S,0.08592,0.9631395129442846,0,0.6085371276217033,0.6236200573358581,0.0,,2.3300147778042817,2.3543309368104266,1.7100655646212195,0.4469330392916684,0.0362387557085495,0.7370698804065219,0.0773822356262048,1,none,0.2453162382157459,0.4187682318028714,0.5056545823829632,5,0,0,0.75,0.6313696797824538,0.6401174628530177,4
6,,B,Like what? I thought we had it all covered.,0.6577178176644878,0.7412985988893008,0,0,R,R,0.9381238718537456,0.2420685439146474,0.2688492567296365,0.9383070825471014,0.9383070825471014,S,0.1915519999999999,0.9631395129442846,0,0.6144033679764712,0.6412187784001622,0.0,,2.095126041998915,2.2053905681634145,1.784364315152549,-0.2348887358053666,-0.1489403686470121,0.3601457791413217,-0.1251597240903009,1,none,0.2605714382859536,0.3646022510256682,0.5032606922342836,5,0,0,0.75,0.6110406573403865,0.6107351850584977,4
7,,A,"For example, the deadline feels too tight.",0.619611985390779,0.7380388353764791,0,0,S,S,0.5955903457800089,0.1841960901220921,0.06,0.4386067985060151,0.4386067985060151,S,0.1149311999999999,0.9029400220085216,0,0.6263012712822223,0.6414364793318613,0.0,,2.512443195377734,2.942324708876754,1.95805837421118,0.4173171533788196,0.7369341407133394,0.8374056671063126,0.9378148140005752,1,none,0.2701508674473288,0.8642170989439469,0.328834413057981,5,1,1,0.75,0.5798760459696659,0.5882194785588685,4
8,,B,But we agreed to that last week.,0.6274243409223631,0.7400062896646025,0,0,R,R,0.6427089386004863,0.2247375188240332,0.2038111864771411,0.4830871198873852,0.4830871198873852,S,0.0689587199999999,0.917495742514654,0,0.6443763783623465,0.6504738773550162,0.0,,2.230642116225104,2.713911969651089,2.071436413527166,-0.2818010791526308,-0.2284127392256647,0.3830213172192713,0.4864272871139151,1,none,0.1077231790785918,0.4414981270375166,0.3440758958601922,5,0,0,0.75,0.5759993276030332,0.5747701643734052,4
9,,A,"Yes, but I’m starting to panic about it.",0.604586419147968,0.7366772711638607,0,0,S,S,0.4333661352618888,0.1659231428748371,0.1656663619258192,0.2911247181865585,0.2911247181865585,S,0.0413752319999999,0.8502203108222496,0,0.6504786990903003,0.6595257405840232,0.0,,2.445773028394332,2.9951484164973694,2.2099932139726963,0.2151309121692279,0.2812364468462802,0.97382768145236,0.6693359779563867,1,none,0.0377706890625417,0.7962230559806703,0.2329396536145615,5,0,0,0.75,0.620428028340978,0.6294109693176929,4
10,,B,"Okay, I see—that tension makes sense.",0.5948695737675593,0.7405175315055932,0,0,S,S,0.3375953202850372,0.2416750368319495,0.1801380431082638,0.1619962611294975,0.1619962611294975,S,0.0248251391999999,0.8277256070630621,0,0.6578431214929368,0.6635297465397709,0.0,,2.410311888305804,3.1023883669346386,2.343852486916988,-0.0354611400885276,0.1072399504372692,0.831239692388194,1.1734959426050309,1,none,0.0,0.7988584050872516,0.1486768853281014,5,0,1,0.75,0.6147158404091972,0.6103809366202775,4
11,,A,Thanks. I feel better when you acknowledge it.,0.6000472838277083,0.72556018903397,0,0,S,S,0.3679098348388431,0.06,0.1500222132121991,0.221349690787118,0.221349690787118,S,0.09489508352,0.8338210892185913,0,0.6734672025557448,0.6973461205434404,0.0,,2.3313367760999477,3.0210820339256887,2.4454369189682925,-0.0789751122058568,-0.0813063330089498,0.2868000402101266,0.6742013163022027,1,none,0.0695172406794393,0.7820852363058639,0.0912754066419676,5,0,0,0.75,0.6173704286603187,0.6381822677691845,4
12,,B,Then let’s break it into two smaller milestones.,0.5763309313757217,0.73900372017599,1,0,B,B,0.156739890609412,0.22459122672739,0.1541730156520825,0.06,0.06,B,0.056937050112,0.8074537554807351,0,0.6677691258883062,0.6973461205434404,0.0,,2.5317438491753608,3.253303096924869,2.566616845661779,0.2004070730754135,0.2322210629991801,0.9868503724679912,1.5025246247966475,1,none,0.2355679782140121,0.921652257559592,0.0,5,1,0,0.75,0.6408584995207639,0.6426009117470519,4
13,,A,That sounds more manageable.,0.6145422226036894,0.7422739887451277,0,0,S,R,0.4660591830088222,0.2885646208648401,0.3656277818793719,0.3806332316231091,0.3806332316231091,R,0.0341622300672,0.859939666376778,0,0.6851572716503206,0.7156941838258144,0.0,,2.089982592979817,2.699365639067373,2.5865291646726183,-0.4417612561955439,-0.5539374578574958,-1.8184994548436464,-0.6011152326057658,0,none,0.1496906014107491,0.4327523477454003,0.1004719966855448,5,0,0,0.75,0.6042138014427967,0.6196635597931144,4
14,,B,"Great, I’ll handle the first part, you do the second.",0.6201727474196994,0.7397704735589921,0,0,S,S,0.4975793546571112,0.2438328310403573,0.3371312996012686,0.4919037787506555,0.4919037787506555,S,0.0204973380403199,0.8700471975379832,0,0.6747153171039485,0.7156941838258144,0.0,,2.2298723769772497,2.651022199650259,2.596203119919265,0.1398897839974329,-0.0483434394171138,-0.8897933606348073,-1.674261410318506,0,none,0.2524940990852275,0.4676867779542798,0.1637551744265081,5,0,0,0.75,0.6508908995000657,0.6545546202943959,4
15,,A,Deal. That division calms me down.,0.5941796582196723,0.7300080748063036,0,0,S,S,0.2648357822133744,0.0649385293732345,0.1456206271096524,0.0655777204310524,0.0655777204310524,B,0.0122984028241919,0.8166926321434299,0,0.7145225823872838,0.7618533064317126,0.0,,2.4897501421740094,3.2343537046259203,2.691925707625263,0.2598777651967596,0.5833315049756611,1.1002552185528889,0.8227343664403383,1,none,0.1481008756155381,0.8842066774240992,0.0672983179339024,5,1,1,0.75,0.5870672300013118,0.5980024080434395,4
16,,B,"We should also share progress daily, just to stay synced.",0.582792123860844,0.7487492264066304,0,0,S,S,0.1585077127836346,0.4199527317982153,0.3093528338039211,0.0704021527148208,0.0704021527148208,R,0.0073790416945151,0.8075552015525465,0,0.7247761195979142,0.7618533064317126,0.0,,2.426245357249226,3.15412438449552,2.7612555091558018,-0.0635047849247834,-0.0802293201304,0.448684779562615,0.5070115531623334,1,none,0.1391698632700098,0.8503717492439368,0.0066465867274402,5,0,0,0.75,0.6748530712170837,0.6850531728638708,4
17,,A,"Good idea, that gives me a sense of trust.",0.6098665982053703,0.7349277252573406,0,0,S,S,0.3749484892638287,0.1620132899981062,0.3125005349712142,0.2624219401259953,0.2624219401259953,S,0.0044274250167091,0.8353725354739999,0,0.768876803048293,0.7983223072554607,0.0,,2.165729469983785,2.861505900597868,2.7762930678721114,-0.2605158872654405,-0.2926184838976526,-1.3442464616702452,-0.6797604758347573,0,none,0.1962431138976371,0.4867796771006353,0.0867889879031417,5,0,0,0.75,0.618094574217044,0.6270058305558572,4
18,,B,"Perfect, so we adjust quickly if problems come up.",0.5971490662391027,0.7637762628673832,0,0,S,S,0.255330511001242,0.7031417377448208,0.4188118532951865,0.2950700600299732,0.2950700600299732,S,0.0626564550100254,0.8155823853569439,0,0.7723885513565834,0.7983223072554607,0.0,,2.3718195272514437,2.8813889255911693,2.79205744652997,0.2060900572676578,0.0198830249933017,0.2056367083413131,-0.3185335257459802,0,none,0.4462385079386096,0.5828411579337928,0.1137038685117032,5,0,0,0.75,0.7143916361718484,0.7332444906046514,4
19,,A,Now I feel we’re back on track.,0.6131932059496219,0.7759304968883343,0,0,S,S,0.3778793716927931,0.9228371757033264,0.4483155213774106,0.4296194385785959,0.4296194385785959,S,0.0375938730060152,0.8360338410305359,0,0.7983223072554607,0.7983223072554607,0.0,,2.1867593905988896,2.6702016007174767,2.773779069658096,-0.1850601366525537,-0.2111873248736926,-0.6773401014201471,-0.8548015378486995,0,none,0.5330322396245263,0.5415039649370913,0.1481731818236173,5,0,0,0.75,0.7316958911133813,0.7253217571552185,4
20,,B,"Yes, with this plan, we’ll make it smoothly.",0.6470422665558331,0.7949618947538685,0,0,R,R,0.6464097136972693,0.94,0.8697796609966044,0.8981784144004827,0.8981784144004827,S,0.0225563238036091,0.9185639804760916,0,,,,,1.94143459927428,2.016298851030098,2.6601570368638963,-0.2453247913246095,-0.6539027496873788,-1.6325319366327138,-3.0411442310513674,0,none,1.0,0.5065054963998428,0.1861181136088893,5,0,0,0.75,0.7516959952490333,0.7652450231245522,4
1,,A,"Hey, did you finish the report?",0.5,0.704664237460125,0,0,S,S,0.1,0.1,0.1,0.1,0.1,S,0.35,0.97,0,0.6458020472434441,0.7380161069316936,0.0,,0.05,0.9,0.9,0.0,0.0,0.0,0.0,0,none,1.0,0.0,1.0,1,0,0,0.0,0.999999999999,0.999999999999,5
2,,B,"Not yet, I got stuck with the data analysis.",0.595206442582455,0.7132699946274925,0,0,S,S,0.3063725041247169,0.2432173568872473,0.1394573241626036,0.3080083403232422,0.3080083403232422,S,0.21,0.8081623813813017,0,0.5927324830835393,0.5997004374937821,0.0,,1.904761262050589,2.739366236542702,1.1759049354814053,1.8547612620505889,1.839366236542702,1854.7594072911816,1839.364397178305,1,transition,0.5391582613427686,0.7481586900954827,0.7185837875814678,1,1,1,0.0,0.7380161069316937,0.7380161069316936,5
3,,A,"That’s worrying, the deadline is tomorrow.",0.5803799268220192,0.7244667602940289,0,0,S,S,0.5127450082494339,0.3864347137744948,0.1789146483252073,0.5160166806464844,0.5160166806464844,S,0.126,0.8353864953736052,0,0.5912482807039457,0.5996895973048567,0.0,,2.607397237094287,3.033667929574513,1.4545693845953716,0.7026359750436981,0.294301693031811,1.1855230754299908,0.8903300718485184,1,none,0.1411275087040351,0.8777130607639512,0.4587903887879683,1,0,0,0.0,0.5991003479059914,0.5998285156115841,5
4,,B,"I know, I feel overwhelmed.",0.6087344373516569,0.7501905561036089,0,0,S,S,0.7191175123741508,0.5296520706617421,0.2183719724878109,0.7240250209697265,0.7240250209697265,S,0.0756,0.8982738489975441,0,0.6126610148028543,0.6639277996015823,0.0,,2.2744147440283333,2.6212250274202558,1.629567731019104,-0.3329824930659537,-0.4124429021542575,0.698647827684146,0.420366493611811,1,none,0.0625869309586581,0.3814106592200292,0.4506270476054888,1,0,0,0.0,0.578539624438308,0.5700349553013735,5
5,,A,"Let’s break it into smaller parts, that usually helps.",0.6147372757325229,0.7544656443163951,0,0,S,S,0.9254900164988678,0.6728694275489895,0.2578292966504146,0.9320333612929688,0.9320333612929688,S,0.04536,0.9491185895796904,0,0.6065343500954367,0.6639277996015823,0.0,,2.351339754309278,2.4295333298210027,1.7495625708393892,0.0769250102809446,-0.1916916975992526,0.6489303861534546,0.1268316864182688,1,none,0.2327623920233711,0.4019591446761809,0.4367753299557215,1,0,0,0.0,0.5574246834669455,0.5694996383322894,5
6,,B,"Hmm, maybe, but I’m not sure it’s enough.",0.6378787182840073,0.7433890966663194,0,0,R,R,0.9254900164988678,0.6728694275489895,0.2578292966504146,0.9320333612929688,0.9320333612929688,S,0.0272159999999999,0.9491185895796904,0,0.6223649588196,0.6639277996015823,0.0,,2.1447199177627567,2.2611338898255013,1.8262982686873064,-0.2066198365465212,-0.1683994399955013,0.3332411888847138,-0.1117229749760733,1,none,0.2566266312260226,0.3455973566208973,0.4475867511520789,1,0,0,0.0,0.5937251650774151,0.57884168351004,5
7,,A,"I can take the charts, you focus on the text.",0.6192867476698446,0.7492239921188544,0,0,S,S,0.67341769142009,0.784224471453649,0.3299733617158363,0.7573137027793932,0.7573137027793932,S,0.0763296,0.8828458805871451,0,0.6168526545768871,0.6473908868734436,0.0,,2.3738687713686244,2.488955898155193,1.9256969131074888,0.2291488536058676,0.2278220083296918,0.5712979628550217,0.2311933020646381,1,none,0.1442661128053212,0.3909478884849893,0.4386369374872115,1,0,0,0.0,0.6222395772903506,0.6458582052882194,5
8,,B,That actually sounds like a relief.,0.5845653596455298,0.7301436534915449,0,0,S,S,0.234553211140328,0.3503047972351071,0.0600638661682487,0.0608901727817624,0.0608901727817624,B,0.04579776,0.8046935497188392,0,0.6591377695298126,0.6872827651885031,0.0,,2.608910533113283,3.3663616307073707,2.1417966207474715,0.2350417617446587,0.8774057325521776,0.8092553143343566,1.5935191093737402,1,none,0.0,0.9068111145859064,0.2378851613536803,1,1,1,0.0,0.5458961688978694,0.5478182671929922,5
9,,A,"Yes, teamwork makes it easier.",0.5743475470801744,0.7360672951680598,0,0,S,S,0.0958968276274929,0.4700454292584762,0.2486642781902197,0.06,0.06,R,0.027478656,0.8015771428635311,0,0.6702884768115588,0.6872827651885031,0.0,,2.4786878009479385,3.2365837385709564,2.306014688420994,-0.1302227321653446,-0.1297778921364143,0.506170372831335,1.5029812439347845,1,none,0.0444108435689242,0.857790417305568,0.1057602234899774,1,0,0,0.0,0.6065199293813097,0.6178189202796086,5
10,,B,"Great, I feel more confident already.",0.5873304373402686,0.7574177379477554,0,0,S,S,0.2359487944815157,0.9236308181332606,0.3188248843579049,0.2154343536255999,0.2154343536255999,B,0.0164871936,0.8047447744984231,0,0.658389773605192,0.6872827651885031,0.0,,2.320067772145367,2.999456890423427,2.410031018721359,-0.1586200288025714,-0.2371268481475295,-0.4030183687767094,0.4170982005179691,1,none,0.1364533771760101,0.7925962452621151,0.0311889873322576,1,0,0,0.0,0.5967866709459004,0.5981254542243716,5
11,,A,Let’s quickly check the intro section.,0.6019521454919192,0.7631671287660334,0,0,S,S,0.3926908375593951,0.94,0.4692000203749482,0.4693099476157106,0.4693099476157106,S,0.00989231616,0.8155400984085359,0,0.637392617078038,0.6761917783727295,0.0,,2.2447163614624803,2.6797227059773423,2.4504847718097564,-0.0753514106828867,-0.3197341844460846,-0.5799418798514935,-0.17264505473882,1,none,0.2429163092786569,0.4445185582795147,0.1061882705979045,1,0,0,0.0,0.6473990724595521,0.648199521253799,5
12,,B,"The intro is too long, I think it’s boring.",0.6728564714196382,0.7430574513262962,0,0,R,R,0.94,0.5668743977233488,0.8314462785332679,0.94,0.94,R,0.0059353896959999,0.9511533960134771,0,0.636935130396134,0.6748193183270174,0.0,,1.7018872361481523,1.9167705093794412,2.3704276324452094,-0.542829125314328,-0.7629521965979009,-3.274840756933556,-1.8215404540922204,0,none,0.3237061264303367,0.2331680013472703,0.2419362057800152,1,0,0,0.0,0.6266749456114209,0.6039943158840584,5
13,,A,"You’re right, it drags a bit.",0.6321284966784423,0.7357542346386713,0,0,R,R,0.6945410320979597,0.3939935941729904,0.1960896491939133,0.6902329794707691,0.6902329794707691,S,0.0035612338175999,0.8900215010867631,0,0.6745939486855534,0.7246712321226018,0.0,,2.44987626494755,2.607722033762018,2.4060217926427305,0.7479890287993975,0.6909515243825766,0.674979847861116,-0.1599676058305915,0,none,0.2781553202524859,0.4669916595035,0.2557955379135037,1,0,0,0.0,0.5487069757611739,0.5510849846760835,5
14,,B,"Exactly, it makes me lose focus.",0.642100360396409,0.7273651192559363,0,0,R,R,0.7868087739002669,0.2009023690159932,0.414535847444637,0.8205380343958011,0.8205380343958011,S,0.0021367402905599,0.919325514746473,0,0.6912507396557149,0.7246712321226018,0.0,,2.1475854132771324,2.300130550593525,2.3901381063353497,-0.3022908516704174,-0.3075914831684931,-0.6026528731953141,-0.9627498842688692,0,none,0.2297561762023845,0.3462198231133866,0.3116177694100703,1,0,0,0.0,0.5443840463066426,0.5413769560210351,5
15,,A,"Okay, let’s cut half of it and keep only the key points.",0.6157415652770495,0.736078592654331,0,0,S,S,0.445136128555899,0.3844376815714179,0.3272969442207506,0.5088719452975735,0.5088719452975735,S,0.0012820441743359,0.8225657602373616,0,0.6888973325741863,0.7246712321226018,0.0,,2.4095365764098577,2.733818717957352,2.44169019807865,0.2619511631327254,0.4336881673638268,0.4745624477952461,0.0076108880016807,0,none,0.2315373078209501,0.4745842643134492,0.3052007896712909,1,0,0,0.0,0.6577013758932139,0.6422475450004279,5
16,,B,"Yes, that makes it much clearer.",0.6122221984771182,0.7469417460308997,0,0,S,S,0.3819353768587343,0.6111562964010384,0.6183559923300816,0.5224426806114999,0.5224426806114999,S,0.0007692265046015,0.814367160825259,0,0.6798334079792648,0.6974794583378374,0.0,,2.277424082862882,2.607847105834704,2.466613734242058,-0.1321124935469759,-0.1259716121226479,0.1088412460378933,-0.0660813360819273,1,none,0.0589991268867824,0.3778568530007619,0.3367715950025111,1,0,0,0.0,0.6594582010235784,0.6562357411551993,5
17,,A,"Perfect, we’re back on track.",0.6003772398438217,0.7421143005813,0,0,S,S,0.2209790521293849,0.4913512853555665,0.2451987115455713,0.2451337967244651,0.2451337967244651,S,0.0004615359027609,0.804222557754833,0,0.682509392372134,0.6974794583378374,0.0,,2.404724488882593,3.0194854389972763,2.5495444899553408,0.1273004060197111,0.4116383331625726,0.7898267651377473,1.463137141286697,1,none,0.0868478709974178,0.804397693761533,0.2000084591439206,1,1,1,0.0,0.6481309349079817,0.6339068049065161,5
18,,B,I actually feel optimistic now.,0.6049441051924708,0.7399147537113684,0,0,S,S,0.2584342297198934,0.4312195430888935,0.2747310619710704,0.2776053717019315,0.2776053717019315,S,0.0002769215416565,0.8056487932125435,0,0.6898845400169855,0.6974794583378374,0.0,,2.309155574673108,2.9402095891486324,2.6081442548343348,-0.0955689142094851,-0.0792758498486438,0.3160693139619264,1.1924492048503883,1,none,0.159842364150737,0.7840587238407956,0.1050865107744732,1,0,0,0.0,0.5824547833470956,0.6029438793407668,5
19,,A,So tomorrow we’ll be ready to deliver with confidence.,0.6397470378663985,0.7353945352834936,0,0,R,R,0.6547499256584219,0.3217095277816019,0.4969776682200473,0.794425328924548,0.794425328924548,S,0.0001661529249939,0.8765266154554365,0,0.6822896216961336,0.6822896216961336,0.0,,2.02514293454524,2.2576407914736984,2.5555687353302394,-0.2840126401278682,-0.682568797674934,-0.9061823353116788,-0.7272479834339908,0,none,0.5810459459793768,0.4270199099429803,0.1681934437066498,1,0,0,0.0,0.6311646830445782,0.6380295110862695,5
20,,B,"Absolutely, thanks for your support.",0.6172361094635108,0.7246226458136662,0,0,S,S,0.3614826725832593,0.0781295013671086,0.2764529242433373,0.4239481706679724,0.4239481706679724,S,9.96917549963e-05,0.8123562450061279,0,,,,,2.3948472008153137,2.825155211872912,2.5960067068116404,0.369704266270074,0.5675144203992137,0.7107923459071621,0.4099621835471976,0,none,0.8805296638900778,1.0,0.0,1,1,1,0.0,0.6576473979167718,0.6482980738588896,5
1,,A,"Hey, can we quickly review the pilot setup for valleys and peaks?",0.5,,0,0,S,S,0.1,0.1,0.1,0.1,0.1,S,0.5,0.97,0,0.6371392781155403,0.652329991858554,0.0,,0.05,0.9,0.9,0.0,0.0,0.0,0.0,0,none,1.0,0.0,1.0,6,0,0,0.2,0.999999999999,0.999999999999,6
2,,B,Sure. We start with a 20–25 turn dialogue and ask annotators to flag clear shifts.,,,0,0,S,S,0.1113732521668704,0.1307507996469072,0.1010392101123115,0.1015626528997989,0.1015626528997989,S,0.3,0.8017007469556918,0,0.6134906761579079,0.6323060993639924,0.0,,2.278392280251228,3.2569792907303947,1.2535468936095593,2.2283922802512284,2.356979290730395,2228.3900518611767,2356.9769337534613,1,transition,0.8085617810736624,0.9516599999437868,0.662870540447485,6,1,1,0.2,0.652329991858554,0.652329991858554,6
3,,A,Perfect. I propose we anchor it around conversational repair so they see a clear drop and recovery.,,,0,0,S,S,0.1227465043337409,0.1615015992938145,0.1020784202246231,0.1031253057995978,0.1031253057995978,S,0.18,0.8018609759528219,0,0.611821586423113,0.6323060993639924,0.0,,2.204057105915375,3.213271776681049,1.5475056260702829,-0.0743351743358533,-0.0437075140493457,0.6294911523046047,0.6494754231942751,1,none,0.5857176884557177,0.8613209017091057,0.4420264419856484,6,0,0,0.2,0.5966558974944407,0.6115540166820329,6
4,,B,Good. What’s the topic of the dialogue itself?,,,0,0,S,S,0.1341197565006113,0.1922523989407218,0.1031176303369347,0.1046879586993966,0.1046879586993966,S,0.248,0.8020361176507473,0,0.5961631352174193,0.6217744739196902,0.0,,2.205386850170321,3.1724033538579617,1.7912402852384348,0.0013297442549466,-0.0408684228230873,0.6721222330049756,0.6500420772903784,1,none,0.5493739142129109,0.8431888109261944,0.2828167356933987,6,0,0,0.2,0.5944653510892217,0.5908561739625399,6
5,,A,Computational modeling of interactive repair and EEG markers.,,,0,0,S,S,0.1454930086674818,0.223003198587629,0.1041568404492463,0.1062506115991955,0.1062506115991955,S,0.1488,0.8022275240584249,0,0.6221414727909496,0.6593191987062477,0.0,,2.698526543450265,3.4314279925254603,2.0372684413314888,0.4931396932799439,0.2590246386674986,1.074070821161183,0.7937545558421277,1,none,0.4008416189877709,0.9715997469242454,0.1179193550387799,6,1,1,0.2,0.5522585519441621,0.5440811473784116,6
6,,A,Let’s meet at the lab at nine.,,,0,0,S,S,0.1454930086674818,0.223003198587629,0.1041568404492463,0.1062506115991955,0.1062506115991955,S,0.0892799999999999,0.8022275240584249,0,0.6319819796310712,0.6593191987062477,0.0,,2.5498696472166253,3.293013976125869,2.2256302715506457,-0.1486568962336401,-0.138414016399591,0.7072777088360397,0.5235851196963746,1,none,0.4227713152293532,0.914447949792378,0.0144925781702856,6,0,0,0.2,0.599663633353598,0.5997882056134535,6
7,,B,At night?,,,0,0,S,S,0.2189312515972732,0.06,0.0863601590100577,0.1238807089071419,0.1238807089071419,S,0.1935679999999999,0.8039668616658912,0,0.6429560345374788,0.6593191987062477,0.0,,2.380905780228372,3.210657603769606,2.37338437138349,-0.1689638669882534,-0.082356372356263,0.4304947558946653,0.3746872202536046,1,none,0.0,0.7363907192240333,0.0,6,0,0,0.2,0.5587222845999953,0.5566477271334919,6
8,,A,"No—sorry—at nine in the morning, 09:00.",,,0,0,S,S,0.4927104661152224,0.06,0.3555754879596079,0.4852249724248281,0.4852249724248281,S,0.1161407999999999,0.8299128047406216,0,0.6306115769771602,0.6512959944400551,0.0,,1.9819742229198472,2.5603433186498803,2.401428213473449,-0.3989315573085248,-0.6503142851197259,-0.0844054743724855,-0.4395302501788588,1,none,0.6331024975883369,0.4575523677299147,0.0879101964368877,6,0,0,0.2,0.5895196420221019,0.6055862823652938,6
9,,B,"Got it, 09:00. Thanks for clarifying.",,,0,0,R,R,0.842533287219378,0.0991872105580421,0.5123915515733722,0.8024543117010474,0.8024543117010474,S,0.0696844799999999,0.9322762936931512,0,0.6442071884100171,0.6920828287386261,0.0,,1.6726392661323304,2.0621662611037177,2.350538920617989,-0.3093349567875167,-0.4981770575461626,-2.8716684337692726,-4.265546658601464,0,none,0.5019649704308875,0.2841571562285475,0.2152688088633313,6,0,0,0.2,0.5985416297513472,0.575809548589934,6
10,,A,"Now, about the signal: we compute C_t from turn-to-turn semantic alignment.",,,0,0,S,S,0.5213915130468746,0.3673317043915808,0.1030054423844385,0.4543100873343877,0.4543100873343877,S,0.0418106879999999,0.8359940647337207,0,0.681283800216722,0.7294827458862484,0.0,,2.480105913068494,2.8875677879141715,2.4310932507124163,0.8074666469361638,0.8254015268104538,0.7191265938225516,-0.22813720135043,0,none,0.5291411792204809,0.8478283534584821,0.1111049338739866,6,1,0,0.2,0.5726605307291174,0.5762693725692847,6
11,,B,"Right, then we compare it with the dual thresholds, local and global Phi.",,,0,0,S,S,0.4470788982656006,0.6061003021559475,0.1614407304820976,0.3902015280103109,0.3902015280103109,S,0.0250864127999999,0.8219452589579643,0,0.7072946049564223,0.7294827458862484,0.0,,2.298340357887086,2.8455583692003965,2.4932630184856133,-0.1817655551814083,-0.0420094187137749,0.0515317636611597,-0.2223371636733423,0,none,0.7011997440472685,0.844572001439571,0.0341356036951867,6,0,1,0.2,0.6066828938783915,0.5889247799553246,6
12,,A,Exactly. A sharp drop below Φ_local can suggest a valley candidate.,,,0,0,S,S,0.7609591739660695,0.7623680116501392,0.5706059124319112,0.7833016744723804,0.7833016744723804,S,0.0750518476799999,0.9098397733808616,0,0.6976607193023341,0.7294827458862484,0.0,,1.7120124519418225,2.0803113682798866,2.431320270954754,-0.5863279059452633,-0.7652470009205099,-1.774278285841253,-1.6868533730079032,0,none,0.8627302787809208,0.3955873591748825,0.1354632577255622,6,0,0,0.2,0.6611862646569907,0.6747864627605842,6
13,,B,And a swift rise above Φ_local after a low region can indicate a peak.,,,0,0,R,R,0.94,0.9186055557551688,0.9265571245499952,0.94,0.94,S,0.105031108608,0.950340427334878,0,0.6839387401010938,0.7003182402443923,0.0,,1.6483597746702563,1.820157854679761,2.3396459085135053,-0.0636526772715662,-0.2601535136001256,-1.3550798283653334,-1.6358919169272488,0,none,0.8707592227938635,0.3387756890719203,0.2315847654753144,6,0,0,0.2,0.6767901680319278,0.6642433495313776,6
14,,A,Your last result said the N400 spike predicted alignment.,,,0,0,S,S,0.7066721457019736,0.94,0.3798876368686993,0.7439199726285521,0.7439199726285521,S,0.0630186651648,0.8921112274843614,0,0.672831717812385,0.6883168082825276,0.0,,2.209259501589997,2.3811677350360574,2.345874182491888,0.5608997269197407,0.5610098803562964,0.3930418814776248,-0.1602990049863901,0,none,0.8845642486020507,0.52158742885487,0.2389140874099608,6,0,0,0.2,0.6706343907440238,0.6522721802191525,6
15,,B,Careful—N400 usually indexes semantic mismatch; alignment increases reduce it.,,,0,0,R,R,0.915725392634122,0.927075684733594,0.5992997895929439,0.8879344720807714,0.8879344720807714,S,0.03781119909888,0.9467041150278592,0,0.695603882855127,0.7314976669045874,0.0,,1.6699770344911078,1.952960170190639,2.286937080646701,-0.5392824670988892,-0.4282075648454184,-0.7204383980402526,-0.8960601555248536,0,none,0.8264276848459738,0.3549625910264877,0.3034386113078554,6,0,0,0.2,0.635363119600668,0.5920930759898073,6
16,,A,"True, I misstated it: lower N400 amplitudes covary with greater semantic fit.",,,0,0,R,R,0.94,0.94,0.8521789307591703,0.94,0.94,S,0.0226867194593279,0.950340427334878,0,0.7047995365120102,0.7314976669045874,0.0,,1.6992005922618532,1.8579003880377143,2.2225815767553527,0.0292235577707453,-0.0950597821529246,-0.7725645038825015,-1.0878765297725326,0,none,0.8623701062064154,0.3500028957038844,0.3535889966484769,6,0,0,0.2,0.6349827060907169,0.6304604491054064,6
17,,B,"Wait, when you say 'Φ threshold', what is Φ exactly?",,,0,0,S,S,0.6647433893032493,0.7663869711627282,0.3316392707323152,0.6576035242684888,0.6576035242684888,S,0.2336120316755968,0.8778887725156386,0,0.7068929963120191,0.7314976669045874,0.0,,2.2700438226634363,2.5085171200596825,2.265471908251002,0.5708432304015831,0.6506167320219682,0.9434659577267104,0.5902001432033754,0,none,0.8089603185806217,0.5325160549773351,0.3265457501468134,6,0,0,0.2,0.59044363419481,0.6079078153194974,6
18,,A,Φ is our coherence threshold: the minimum C_t needed for stable perspective.,,,0,0,R,R,0.8490754137382028,0.7777467594845258,0.94,0.9215788456349788,0.9215788456349788,S,0.140167219005358,0.9337901449704378,0,0.7070695366745502,0.7320272879921805,0.0,,1.644214595550706,1.830996312493135,2.200300568887322,-0.6258292271127301,-0.6775208075665475,-0.9940036502034136,-0.9739524695852402,0,none,0.7801052169002565,0.3145139898492157,0.3834914412843902,6,0,0,0.2,0.6413488313012337,0.6467976998335927,6
19,,B,"Understood. Then a valley is a local drop relative to neighbors, not just Φ.",,,0,0,R,R,0.7135094666260999,0.7290582238241528,0.616659817072658,0.7722965845463725,0.7722965845463725,S,0.0841003314032148,0.894413802977152,0,0.7162934569780118,0.7435755301635625,0.0,,2.025490377072911,2.2177020584299387,2.202910792318715,0.381275781522205,0.3867057459368037,0.7375094206298094,0.6039312213839547,1,transition,0.6473131827519052,0.3992204341529585,0.3961931042003129,6,0,0,0.2,0.6657968902444185,0.665698066921886,6
20,,B,"The N400—sorry, I mean the P600—captures syntactic reanalysis, not the N400.",,,0,0,S,S,0.241029365672669,0.7499061891218881,0.186704065309959,0.2685250693623381,0.2685250693623381,S,0.0504601988419289,0.804712686093655,0,0.7388312298362689,0.7435755301635625,0.0,,2.6205492173176084,3.087235971922445,2.3355595692592743,0.5950588402446972,0.8695339134925062,2.8611715512256644,3.808661556235177,1,transition,0.5740380000374922,0.9341764729505112,0.2162089797683719,6,1,1,0.2,0.6722906413499555,0.6361494463310954,6
21,,A,"Yes, N400 for semantic integration difficulty; P600 for reanalysis/repair-like processes.",,,0,0,R,R,0.6441846572817902,0.714248920433858,0.7035000334610684,0.7299043650305794,0.7299043650305794,S,0.0302761193051573,0.8710105474976102,0,0.7381816302153684,0.7435755301635625,0.0,,1.5843506308482056,2.050491724304961,2.292799392516127,-1.0361985864694028,-1.036744247617484,-0.900180178465949,-0.4913752242504596,1,none,0.5788572344283982,0.2931049954391655,0.3083230876094314,6,0,0,0.2,0.6855846993345056,0.6708083911250466,6
22,,B,Annotators should mark the obvious drop near the 'At night?' line as a valley.,,,0,0,S,S,0.2878029920664164,0.8277096443934004,0.2371997455057636,0.4114811124185372,0.4114811124185372,S,0.1581656715830943,0.8067662370061351,0,0.7524645896755099,0.7864244085439864,0.0,,2.4791024381308184,2.8685636666079577,2.379164033629902,0.8947518072826128,0.8180719423029967,1.510151433881994,1.56674116304239,1,none,0.740430905357101,0.9041956243948244,0.1609273059346948,6,0,0,0.2,0.7106668385261214,0.730986722914718,6
23,,A,"And the resolution at 'Got it, 09:00.' as a peak if they perceive recovery.",,,0,0,S,S,0.2032885744243667,0.863709603377274,0.3329540114056546,0.3283285716056315,0.3283285716056315,S,0.1548994029498566,0.8035098819759476,0,0.6957891539208022,0.7864244085439864,0.0,,2.287508973108701,2.843770585488776,2.4488550164087326,-0.1915934650221169,-0.0247930811191818,0.4269976719688546,0.9332885390848036,1,none,0.691210842229984,0.5672087168605723,0.1697594642985764,6,0,0,0.2,0.7139779065739394,0.7067426769332222,6
24,,B,We’ll also expect a smaller dip around the N400 correction and a mild rise after.,,,0,0,S,S,0.207936293706942,0.8075386216398812,0.4776405516355607,0.3174619504520101,0.3174619504520101,S,0.0929396417699139,0.80363999516579,0,0.6786444863164636,0.7864244085439864,0.0,,2.1831783630879524,2.770302342054888,2.497072115255656,-0.104330610020749,-0.0734682434338882,0.1437440480091477,0.5311835152487838,1,none,0.5602741424317206,0.5026299148797009,0.1992608886340268,6,0,0,0.2,0.7174925530676834,0.7055262022165009,6
25,,A,Great. Save this as the pilot dialogue with empty valley/peak columns for annotators.,,,0,0,S,S,0.1445590203111673,0.915320792084038,0.450778074347353,0.3373168219208889,0.3373168219208889,S,0.0557637850619483,0.8022111579089126,0,0.5708645640889407,0.5708645640889407,0.0,,2.2713330200691804,2.7919584204826027,2.541305061039698,0.0881546569812279,0.0216560784277151,0.3500100321902802,0.5699397840059512,1,none,0.6195135574667766,0.5345291923345875,0.2100865069674538,6,0,0,0.2,0.8108293181858224,0.8314221690720928,6
26,,B,Done. Ready for export.,,,0,0,S,S,0.06,0.2928347992818962,0.06,0.06,0.06,B,0.033458271037169,0.8011314033196488,0,,,,,2.466336756360141,3.316365007804528,2.6575640530544224,0.1950037362909604,0.5244065873219252,0.8328238917578886,1.872335362178317,1,none,0.7770456660602445,1.0,0.0533107773186395,6,1,1,0.2,0.5850120573929807,0.5681883916429316,6
